{
    "private": true,
    "scripts": {
        "dev": "npm run development",
        "development": "cross-env NODE_ENV=development node_modules/webpack/bin/webpack.js --progress --hide-modules --config=node_modules/laravel-mix/setup/webpack.config.js",
        "watch": "cross-env NODE_ENV=development node_modules/webpack/bin/webpack.js --watch --progress --hide-modules --config=node_modules/laravel-mix/setup/webpack.config.js",
        "watch-poll": "npm run watch -- --watch-poll",
        "hot": "cross-env NODE_ENV=development node_modules/webpack-dev-server/bin/webpack-dev-server.js --inline --hot --config=node_modules/laravel-mix/setup/webpack.config.js",
        "prod": "npm run production",
        "production": "cross-env NODE_ENV=production node_modules/webpack/bin/webpack.js --no-progress --hide-modules --config=node_modules/laravel-mix/setup/webpack.config.js"
    },
    "devDependencies": {
        "axios": "^0.17.1",
        "bootstrap-sass": "^3.3.7",
        "cross-env": "^5.1",
        "jquery": "^3.2",
        "laravel-mix": "^1.0",
        "lodash": "^4.17.4",
        "vue": "^2.5.7"
    },
    "dependencies": {
        "jspdf": "^2.5.1",
        "sweetalert2": "^7.33.1",
        "vee-validate": "^3.0.3",
        "vform": "^1.0.0",
        "vue-axios": "^2.1.4",
        "vue-progressbar": "^0.7.5",
        "vue-router": "^3.0.2",
        "vue2-datepicker": "^2.12.0",
        "vue2-timepicker": "^1.1.6",
        "vuejs-datatable": "^1.7.0"
    }
}
